store1,store2,distance,Store_x,Store_y,latitude,longitude
Panera Bread225,Starbucks238,0.1963952378678312,Panera Bread,Starbucks,38.78398352,-90.535699
Panera Bread225,Starbucks239,0.2567600859749189,Panera Bread,Starbucks,38.78398352,-90.535699
Panera Bread225,Starbucks240,0.1517977492423261,Panera Bread,Starbucks,38.78398352,-90.535699
Panera Bread225,Starbucks241,0.20661782841676168,Panera Bread,Starbucks,38.78398352,-90.535699
Panera Bread225,Starbucks242,0.14646617543153492,Panera Bread,Starbucks,38.78398352,-90.535699
Panera Bread225,Starbucks243,0.1677575648528128,Panera Bread,Starbucks,38.78398352,-90.535699
Panera Bread225,Starbucks244,0.21938835916328273,Panera Bread,Starbucks,38.78398352,-90.535699
Panera Bread225,Starbucks245,0.12439451115738075,Panera Bread,Starbucks,38.78398352,-90.535699
Panera Bread225,Starbucks246,0.2215017070486307,Panera Bread,Starbucks,38.78398352,-90.535699
Panera Bread225,Starbucks247,0.1884977825812823,Panera Bread,Starbucks,38.78398352,-90.535699
Panera Bread225,Starbucks248,0.19046880140969646,Panera Bread,Starbucks,38.78398352,-90.535699
Panera Bread225,Starbucks249,0.2643331524565021,Panera Bread,Starbucks,38.78398352,-90.535699
Panera Bread225,Starbucks250,0.19012970754032918,Panera Bread,Starbucks,38.78398352,-90.535699
Panera Bread225,Starbucks251,0.16780344416176438,Panera Bread,Starbucks,38.78398352,-90.535699
Panera Bread225,Starbucks252,0.18892499478886654,Panera Bread,Starbucks,38.78398352,-90.535699
Panera Bread225,Starbucks253,0.28817572250138807,Panera Bread,Starbucks,38.78398352,-90.535699
Panera Bread225,Starbucks254,0.2250190258950381,Panera Bread,Starbucks,38.78398352,-90.535699
Panera Bread225,Starbucks255,0.12786609860967757,Panera Bread,Starbucks,38.78398352,-90.535699
Panera Bread225,Starbucks256,0.19238898667878987,Panera Bread,Starbucks,38.78398352,-90.535699
Panera Bread225,Starbucks257,0.10500141703647088,Panera Bread,Starbucks,38.78398352,-90.535699
Panera Bread225,Starbucks258,0.2898429603953091,Panera Bread,Starbucks,38.78398352,-90.535699
Panera Bread225,Starbucks259,0.2588069637066177,Panera Bread,Starbucks,38.78398352,-90.535699
Panera Bread225,Starbucks260,0.24201436743719043,Panera Bread,Starbucks,38.78398352,-90.535699
Panera Bread225,Starbucks261,0.17413065487267387,Panera Bread,Starbucks,38.78398352,-90.535699
Panera Bread225,Starbucks262,0.17514699918149654,Panera Bread,Starbucks,38.78398352,-90.535699
Panera Bread225,Starbucks263,0.14104805993398717,Panera Bread,Starbucks,38.78398352,-90.535699
Panera Bread225,Starbucks264,0.053519367726644444,Panera Bread,Starbucks,38.78398352,-90.535699
Panera Bread225,Starbucks265,0.16554677226088027,Panera Bread,Starbucks,38.78398352,-90.535699
Panera Bread225,Starbucks266,0.23166653919702965,Panera Bread,Starbucks,38.78398352,-90.535699
Panera Bread225,Starbucks267,0.28164404803332926,Panera Bread,Starbucks,38.78398352,-90.535699
Panera Bread225,Starbucks268,0.34081409885849623,Panera Bread,Starbucks,38.78398352,-90.535699
Panera Bread225,Starbucks269,0.33695330935588513,Panera Bread,Starbucks,38.78398352,-90.535699
Panera Bread225,Starbucks270,0.3014276077276122,Panera Bread,Starbucks,38.78398352,-90.535699
Panera Bread225,Starbucks271,0.39837387416183717,Panera Bread,Starbucks,38.78398352,-90.535699
Panera Bread225,Starbucks272,0.2953705596143639,Panera Bread,Starbucks,38.78398352,-90.535699
Panera Bread225,Starbucks273,0.4012431672384958,Panera Bread,Starbucks,38.78398352,-90.535699
Panera Bread225,Starbucks274,0.12524998230324508,Panera Bread,Starbucks,38.78398352,-90.535699
Panera Bread225,Starbucks275,0.5910403032412764,Panera Bread,Starbucks,38.78398352,-90.535699
Panera Bread225,Starbucks276,0.13163208733902704,Panera Bread,Starbucks,38.78398352,-90.535699
Panera Bread225,Starbucks277,0.16887140133439163,Panera Bread,Starbucks,38.78398352,-90.535699
Panera Bread225,Starbucks278,0.3176675054081269,Panera Bread,Starbucks,38.78398352,-90.535699
Panera Bread225,Starbucks279,0.28114463394227807,Panera Bread,Starbucks,38.78398352,-90.535699
Panera Bread225,Starbucks280,0.2885666650488819,Panera Bread,Starbucks,38.78398352,-90.535699
Panera Bread225,Starbucks281,0.2871106702458218,Panera Bread,Starbucks,38.78398352,-90.535699
Panera Bread225,Starbucks282,0.2884407288982934,Panera Bread,Starbucks,38.78398352,-90.535699
Panera Bread225,Starbucks283,0.3690640030930969,Panera Bread,Starbucks,38.78398352,-90.535699
Panera Bread225,Starbucks284,0.2761758216900864,Panera Bread,Starbucks,38.78398352,-90.535699
Panera Bread225,Starbucks285,0.19982832219686403,Panera Bread,Starbucks,38.78398352,-90.535699
Panera Bread225,Starbucks286,0.31868418692389844,Panera Bread,Starbucks,38.78398352,-90.535699
Panera Bread225,Starbucks287,0.27123137332983516,Panera Bread,Starbucks,38.78398352,-90.535699
Panera Bread225,Starbucks288,0.20412875980562986,Panera Bread,Starbucks,38.78398352,-90.535699
Panera Bread225,Starbucks289,0.21381520466722959,Panera Bread,Starbucks,38.78398352,-90.535699
Panera Bread225,Starbucks290,0.21538443813662364,Panera Bread,Starbucks,38.78398352,-90.535699
Panera Bread225,Starbucks291,0.28381252173191124,Panera Bread,Starbucks,38.78398352,-90.535699
Panera Bread225,Starbucks292,0.29582164276166234,Panera Bread,Starbucks,38.78398352,-90.535699
Panera Bread225,Starbucks293,0.35664340126328936,Panera Bread,Starbucks,38.78398352,-90.535699
Panera Bread225,Starbucks294,0.39274895453942404,Panera Bread,Starbucks,38.78398352,-90.535699
Panera Bread225,Starbucks295,0.34814220635636284,Panera Bread,Starbucks,38.78398352,-90.535699
Panera Bread225,Starbucks296,0.3182540931510657,Panera Bread,Starbucks,38.78398352,-90.535699
Panera Bread225,Starbucks297,0.3038659715182727,Panera Bread,Starbucks,38.78398352,-90.535699
Panera Bread225,Starbucks298,0.43449901567400206,Panera Bread,Starbucks,38.78398352,-90.535699
Panera Bread225,Starbucks299,0.4017134144599043,Panera Bread,Starbucks,38.78398352,-90.535699
Panera Bread225,Starbucks300,0.45765784459373915,Panera Bread,Starbucks,38.78398352,-90.535699
Panera Bread225,Starbucks301,0.35584025738369146,Panera Bread,Starbucks,38.78398352,-90.535699
Panera Bread225,Starbucks302,0.332083116995994,Panera Bread,Starbucks,38.78398352,-90.535699
Panera Bread225,Starbucks303,0.376795727522683,Panera Bread,Starbucks,38.78398352,-90.535699
Panera Bread225,Starbucks304,0.41093671809570903,Panera Bread,Starbucks,38.78398352,-90.535699
Panera Bread225,Starbucks305,0.3969332291545776,Panera Bread,Starbucks,38.78398352,-90.535699
Panera Bread225,Starbucks306,0.21120901415731258,Panera Bread,Starbucks,38.78398352,-90.535699
Panera Bread225,Starbucks307,0.2316660312183526,Panera Bread,Starbucks,38.78398352,-90.535699
Panera Bread225,Starbucks308,0.274643375229159,Panera Bread,Starbucks,38.78398352,-90.535699
Panera Bread225,Starbucks309,0.29647334789483515,Panera Bread,Starbucks,38.78398352,-90.535699
Panera Bread225,Starbucks310,0.3561668761647262,Panera Bread,Starbucks,38.78398352,-90.535699
Panera Bread225,Starbucks311,0.3597629945546482,Panera Bread,Starbucks,38.78398352,-90.535699
Panera Bread225,Starbucks312,0.3899980498879449,Panera Bread,Starbucks,38.78398352,-90.535699
Panera Bread225,Starbucks313,0.4098282845847238,Panera Bread,Starbucks,38.78398352,-90.535699
Panera Bread225,Starbucks314,0.43554292236873204,Panera Bread,Starbucks,38.78398352,-90.535699
Panera Bread225,Starbucks315,0.4365916108748579,Panera Bread,Starbucks,38.78398352,-90.535699
Panera Bread225,Starbucks316,0.4395022157173148,Panera Bread,Starbucks,38.78398352,-90.535699
Panera Bread225,Starbucks317,0.4415097053571919,Panera Bread,Starbucks,38.78398352,-90.535699
Panera Bread226,Starbucks238,0.11374475187271846,Panera Bread,Starbucks,38.74239953,-90.63492600000001
Panera Bread226,Starbucks239,0.18554935863259484,Panera Bread,Starbucks,38.74239953,-90.63492600000001
Panera Bread226,Starbucks240,0.09480369580110282,Panera Bread,Starbucks,38.74239953,-90.63492600000001
Panera Bread226,Starbucks241,0.08225367542399481,Panera Bread,Starbucks,38.74239953,-90.63492600000001
Panera Bread226,Starbucks242,0.10396233629972967,Panera Bread,Starbucks,38.74239953,-90.63492600000001
Panera Bread226,Starbucks243,0.14050080311320806,Panera Bread,Starbucks,38.74239953,-90.63492600000001
Panera Bread226,Starbucks244,0.19876082167923143,Panera Bread,Starbucks,38.74239953,-90.63492600000001
Panera Bread226,Starbucks245,0.0002032847808750265,Panera Bread,Starbucks,38.74239953,-90.63492600000001
Panera Bread226,Starbucks246,0.2032596162937642,Panera Bread,Starbucks,38.74239953,-90.63492600000001
Panera Bread226,Starbucks247,0.19332157974513486,Panera Bread,Starbucks,38.74239953,-90.63492600000001
Panera Bread226,Starbucks248,0.19570391628901432,Panera Bread,Starbucks,38.74239953,-90.63492600000001
Panera Bread226,Starbucks249,0.151196947654017,Panera Bread,Starbucks,38.74239953,-90.63492600000001
Panera Bread226,Starbucks250,0.08537619344130874,Panera Bread,Starbucks,38.74239953,-90.63492600000001
Panera Bread226,Starbucks251,0.1894456060767411,Panera Bread,Starbucks,38.74239953,-90.63492600000001
Panera Bread226,Starbucks252,0.08646211148632776,Panera Bread,Starbucks,38.74239953,-90.63492600000001
Panera Bread226,Starbucks253,0.1753948074120464,Panera Bread,Starbucks,38.74239953,-90.63492600000001
Panera Bread226,Starbucks254,0.23467121694727974,Panera Bread,Starbucks,38.74239953,-90.63492600000001
Panera Bread226,Starbucks255,0.17248281033138896,Panera Bread,Starbucks,38.74239953,-90.63492600000001
Panera Bread226,Starbucks256,0.22205670644846848,Panera Bread,Starbucks,38.74239953,-90.63492600000001
Panera Bread226,Starbucks257,0.054408728098496666,Panera Bread,Starbucks,38.74239953,-90.63492600000001
Panera Bread226,Starbucks258,0.28697862461567686,Panera Bread,Starbucks,38.74239953,-90.63492600000001
Panera Bread226,Starbucks259,0.27315259431560623,Panera Bread,Starbucks,38.74239953,-90.63492600000001
Panera Bread226,Starbucks260,0.28363406342052355,Panera Bread,Starbucks,38.74239953,-90.63492600000001
Panera Bread226,Starbucks261,0.2445378575026692,Panera Bread,Starbucks,38.74239953,-90.63492600000001
Panera Bread226,Starbucks262,0.24555749419289516,Panera Bread,Starbucks,38.74239953,-90.63492600000001
Panera Bread226,Starbucks263,0.2236805773762306,Panera Bread,Starbucks,38.74239953,-90.63492600000001
Panera Bread226,Starbucks264,0.17090607707750477,Panera Bread,Starbucks,38.74239953,-90.63492600000001
Panera Bread226,Starbucks265,0.25296593039619814,Panera Bread,Starbucks,38.74239953,-90.63492600000001
Panera Bread226,Starbucks266,0.2951066445446085,Panera Bread,Starbucks,38.74239953,-90.63492600000001
Panera Bread226,Starbucks267,0.3256429175807641,Panera Bread,Starbucks,38.74239953,-90.63492600000001
Panera Bread226,Starbucks268,0.3517331592297022,Panera Bread,Starbucks,38.74239953,-90.63492600000001
Panera Bread226,Starbucks269,0.35068294996085303,Panera Bread,Starbucks,38.74239953,-90.63492600000001
Panera Bread226,Starbucks270,0.3377971410959937,Panera Bread,Starbucks,38.74239953,-90.63492600000001
Panera Bread226,Starbucks271,0.2949932258618198,Panera Bread,Starbucks,38.74239953,-90.63492600000001
Panera Bread226,Starbucks272,0.3366997352818257,Panera Bread,Starbucks,38.74239953,-90.63492600000001
Panera Bread226,Starbucks273,0.2980049894663678,Panera Bread,Starbucks,38.74239953,-90.63492600000001
Panera Bread226,Starbucks274,0.23638569119646521,Panera Bread,Starbucks,38.74239953,-90.63492600000001
Panera Bread226,Starbucks275,0.4675752567975809,Panera Bread,Starbucks,38.74239953,-90.63492600000001
Panera Bread226,Starbucks276,0.24196813122270777,Panera Bread,Starbucks,38.74239953,-90.63492600000001
Panera Bread226,Starbucks277,0.27457467710873323,Panera Bread,Starbucks,38.74239953,-90.63492600000001
Panera Bread226,Starbucks278,0.3635671327011341,Panera Bread,Starbucks,38.74239953,-90.63492600000001
Panera Bread226,Starbucks279,0.345979327709329,Panera Bread,Starbucks,38.74239953,-90.63492600000001
Panera Bread226,Starbucks280,0.3609682642139664,Panera Bread,Starbucks,38.74239953,-90.63492600000001
Panera Bread226,Starbucks281,0.3630539491718954,Panera Bread,Starbucks,38.74239953,-90.63492600000001
Panera Bread226,Starbucks282,0.3651981022406289,Panera Bread,Starbucks,38.74239953,-90.63492600000001
Panera Bread226,Starbucks283,0.4044486580640319,Panera Bread,Starbucks,38.74239953,-90.63492600000001
Panera Bread226,Starbucks284,0.35975049102739687,Panera Bread,Starbucks,38.74239953,-90.63492600000001
Panera Bread226,Starbucks285,0.3092223184433357,Panera Bread,Starbucks,38.74239953,-90.63492600000001
Panera Bread226,Starbucks286,0.3843043224703031,Panera Bread,Starbucks,38.74239953,-90.63492600000001
Panera Bread226,Starbucks287,0.3575667586226393,Panera Bread,Starbucks,38.74239953,-90.63492600000001
Panera Bread226,Starbucks288,0.31312637111481195,Panera Bread,Starbucks,38.74239953,-90.63492600000001
Panera Bread226,Starbucks289,0.3218491189522726,Panera Bread,Starbucks,38.74239953,-90.63492600000001
Panera Bread226,Starbucks290,0.3233660627032319,Panera Bread,Starbucks,38.74239953,-90.63492600000001
Panera Bread226,Starbucks291,0.3657291852466678,Panera Bread,Starbucks,38.74239953,-90.63492600000001
Panera Bread226,Starbucks292,0.3735663414921099,Panera Bread,Starbucks,38.74239953,-90.63492600000001
Panera Bread226,Starbucks293,0.41281269729308456,Panera Bread,Starbucks,38.74239953,-90.63492600000001
Panera Bread226,Starbucks294,0.43691496745574293,Panera Bread,Starbucks,38.74239953,-90.63492600000001
Panera Bread226,Starbucks295,0.42003504241939166,Panera Bread,Starbucks,38.74239953,-90.63492600000001
Panera Bread226,Starbucks296,0.4013933018988923,Panera Bread,Starbucks,38.74239953,-90.63492600000001
Panera Bread226,Starbucks297,0.3931371715836501,Panera Bread,Starbucks,38.74239953,-90.63492600000001
Panera Bread226,Starbucks298,0.4574703090562424,Panera Bread,Starbucks,38.74239953,-90.63492600000001
Panera Bread226,Starbucks299,0.44896953229613273,Panera Bread,Starbucks,38.74239953,-90.63492600000001
Panera Bread226,Starbucks300,0.4701201400006028,Panera Bread,Starbucks,38.74239953,-90.63492600000001
Panera Bread226,Starbucks301,0.4297750754439281,Panera Bread,Starbucks,38.74239953,-90.63492600000001
Panera Bread226,Starbucks302,0.4177693573260262,Panera Bread,Starbucks,38.74239953,-90.63492600000001
Panera Bread226,Starbucks303,0.4540432016748449,Panera Bread,Starbucks,38.74239953,-90.63492600000001
Panera Bread226,Starbucks304,0.48149788526930787,Panera Bread,Starbucks,38.74239953,-90.63492600000001
Panera Bread226,Starbucks305,0.4814172150436196,Panera Bread,Starbucks,38.74239953,-90.63492600000001
Panera Bread226,Starbucks306,0.32980822753891104,Panera Bread,Starbucks,38.74239953,-90.63492600000001
Panera Bread226,Starbucks307,0.3486833074950185,Panera Bread,Starbucks,38.74239953,-90.63492600000001
Panera Bread226,Starbucks308,0.3955264573524192,Panera Bread,Starbucks,38.74239953,-90.63492600000001
Panera Bread226,Starbucks309,0.411601522623906,Panera Bread,Starbucks,38.74239953,-90.63492600000001
Panera Bread226,Starbucks310,0.44689055492756347,Panera Bread,Starbucks,38.74239953,-90.63492600000001
Panera Bread226,Starbucks311,0.4486999819058141,Panera Bread,Starbucks,38.74239953,-90.63492600000001
Panera Bread226,Starbucks312,0.4804520743118513,Panera Bread,Starbucks,38.74239953,-90.63492600000001
Panera Bread226,Starbucks313,0.5009971228395426,Panera Bread,Starbucks,38.74239953,-90.63492600000001
Panera Bread226,Starbucks314,0.528625210551568,Panera Bread,Starbucks,38.74239953,-90.63492600000001
Panera Bread226,Starbucks315,0.5284321116699449,Panera Bread,Starbucks,38.74239953,-90.63492600000001
Panera Bread226,Starbucks316,0.5316360681112713,Panera Bread,Starbucks,38.74239953,-90.63492600000001
Panera Bread226,Starbucks317,0.5339528148281324,Panera Bread,Starbucks,38.74239953,-90.63492600000001
Panera Bread227,Starbucks238,0.5107230177032266,Panera Bread,Starbucks,38.62633856,-90.19080600000001
Panera Bread227,Starbucks239,0.508380572799206,Panera Bread,Starbucks,38.62633856,-90.19080600000001
Panera Bread227,Starbucks240,0.4744444432412263,Panera Bread,Starbucks,38.62633856,-90.19080600000001
Panera Bread227,Starbucks241,0.6011905125390875,Panera Bread,Starbucks,38.62633856,-90.19080600000001
Panera Bread227,Starbucks242,0.4588274933258977,Panera Bread,Starbucks,38.62633856,-90.19080600000001
Panera Bread227,Starbucks243,0.4347254015556476,Panera Bread,Starbucks,38.62633856,-90.19080600000001
Panera Bread227,Starbucks244,0.41388145253343195,Panera Bread,Starbucks,38.62633856,-90.19080600000001
Panera Bread227,Starbucks245,0.5310987589735758,Panera Bread,Starbucks,38.62633856,-90.19080600000001
Panera Bread227,Starbucks246,0.40931217028771033,Panera Bread,Starbucks,38.62633856,-90.19080600000001
Panera Bread227,Starbucks247,0.379888711694516,Panera Bread,Starbucks,38.62633856,-90.19080600000001
Panera Bread227,Starbucks248,0.3783723646067187,Panera Bread,Starbucks,38.62633856,-90.19080600000001
Panera Bread227,Starbucks249,0.6819115662966735,Panera Bread,Starbucks,38.62633856,-90.19080600000001
Panera Bread227,Starbucks250,0.6143389731717541,Panera Bread,Starbucks,38.62633856,-90.19080600000001
Panera Bread227,Starbucks251,0.36446777543556885,Panera Bread,Starbucks,38.62633856,-90.19080600000001
Panera Bread227,Starbucks252,0.614480158557699,Panera Bread,Starbucks,38.62633856,-90.19080600000001
Panera Bread227,Starbucks253,0.7059709277271929,Panera Bread,Starbucks,38.62633856,-90.19080600000001
Panera Bread227,Starbucks254,0.35673609973836923,Panera Bread,Starbucks,38.62633856,-90.19080600000001
Panera Bread227,Starbucks255,0.3626678634434881,Panera Bread,Starbucks,38.62633856,-90.19080600000001
Panera Bread227,Starbucks256,0.33663399930955357,Panera Bread,Starbucks,38.62633856,-90.19080600000001
Panera Bread227,Starbucks257,0.5377058631811292,Panera Bread,Starbucks,38.62633856,-90.19080600000001
Panera Bread227,Starbucks258,0.36862738415645957,Panera Bread,Starbucks,38.62633856,-90.19080600000001
Panera Bread227,Starbucks259,0.33552613342470494,Panera Bread,Starbucks,38.62633856,-90.19080600000001
Panera Bread227,Starbucks260,0.28386585908544654,Panera Bread,Starbucks,38.62633856,-90.19080600000001
Panera Bread227,Starbucks261,0.2882151342029327,Panera Bread,Starbucks,38.62633856,-90.19080600000001
Panera Bread227,Starbucks262,0.2872499539442937,Panera Bread,Starbucks,38.62633856,-90.19080600000001
Panera Bread227,Starbucks263,0.3077032187201101,Panera Bread,Starbucks,38.62633856,-90.19080600000001
Panera Bread227,Starbucks264,0.386479842391068,Panera Bread,Starbucks,38.62633856,-90.19080600000001
Panera Bread227,Starbucks265,0.27881563178591173,Panera Bread,Starbucks,38.62633856,-90.19080600000001
Panera Bread227,Starbucks266,0.24756643376739648,Panera Bread,Starbucks,38.62633856,-90.19080600000001
Panera Bread227,Starbucks267,0.25625638921015065,Panera Bread,Starbucks,38.62633856,-90.19080600000001
Panera Bread227,Starbucks268,0.32977016850392477,Panera Bread,Starbucks,38.62633856,-90.19080600000001
Panera Bread227,Starbucks269,0.32207804159274217,Panera Bread,Starbucks,38.62633856,-90.19080600000001
Panera Bread227,Starbucks270,0.267281432814114,Panera Bread,Starbucks,38.62633856,-90.19080600000001
Panera Bread227,Starbucks271,0.8258234485280244,Panera Bread,Starbucks,38.62633856,-90.19080600000001
Panera Bread227,Starbucks272,0.25655427109878676,Panera Bread,Starbucks,38.62633856,-90.19080600000001
Panera Bread227,Starbucks273,0.8288214138024513,Panera Bread,Starbucks,38.62633856,-90.19080600000001
Panera Bread227,Starbucks274,0.31594459553614057,Panera Bread,Starbucks,38.62633856,-90.19080600000001
Panera Bread227,Starbucks275,0.921038945679183,Panera Bread,Starbucks,38.62633856,-90.19080600000001
Panera Bread227,Starbucks276,0.309399822290666,Panera Bread,Starbucks,38.62633856,-90.19080600000001
Panera Bread227,Starbucks277,0.2711349053853661,Panera Bread,Starbucks,38.62633856,-90.19080600000001
Panera Bread227,Starbucks278,0.23436977268596176,Panera Bread,Starbucks,38.62633856,-90.19080600000001
Panera Bread227,Starbucks279,0.20536874656279777,Panera Bread,Starbucks,38.62633856,-90.19080600000001
Panera Bread227,Starbucks280,0.1821022679969818,Panera Bread,Starbucks,38.62633856,-90.19080600000001
Panera Bread227,Starbucks281,0.17575022518668765,Panera Bread,Starbucks,38.62633856,-90.19080600000001
Panera Bread227,Starbucks282,0.17291103892009302,Panera Bread,Starbucks,38.62633856,-90.19080600000001
Panera Bread227,Starbucks283,0.2535284912896597,Panera Bread,Starbucks,38.62633856,-90.19080600000001
Panera Bread227,Starbucks284,0.17241360058953378,Panera Bread,Starbucks,38.62633856,-90.19080600000001
Panera Bread227,Starbucks285,0.24577642476600167,Panera Bread,Starbucks,38.62633856,-90.19080600000001
Panera Bread227,Starbucks286,0.17671126417945945,Panera Bread,Starbucks,38.62633856,-90.19080600000001
Panera Bread227,Starbucks287,0.1736363132612466,Panera Bread,Starbucks,38.62633856,-90.19080600000001
Panera Bread227,Starbucks288,0.2413400113551348,Panera Bread,Starbucks,38.62633856,-90.19080600000001
Panera Bread227,Starbucks289,0.23122755542320397,Panera Bread,Starbucks,38.62633856,-90.19080600000001
Panera Bread227,Starbucks290,0.2297350367130319,Panera Bread,Starbucks,38.62633856,-90.19080600000001
Panera Bread227,Starbucks291,0.16764322149181504,Panera Bread,Starbucks,38.62633856,-90.19080600000001
Panera Bread227,Starbucks292,0.16432661639325774,Panera Bread,Starbucks,38.62633856,-90.19080600000001
Panera Bread227,Starbucks293,0.18681197630905885,Panera Bread,Starbucks,38.62633856,-90.19080600000001
Panera Bread227,Starbucks294,0.22109936553372114,Panera Bread,Starbucks,38.62633856,-90.19080600000001
Panera Bread227,Starbucks295,0.1384759563754417,Panera Bread,Starbucks,38.62633856,-90.19080600000001
Panera Bread227,Starbucks296,0.13301278722109583,Panera Bread,Starbucks,38.62633856,-90.19080600000001
Panera Bread227,Starbucks297,0.13790280553940928,Panera Bread,Starbucks,38.62633856,-90.19080600000001
Panera Bread227,Starbucks298,0.29901203687773953,Panera Bread,Starbucks,38.62633856,-90.19080600000001
Panera Bread227,Starbucks299,0.20918545852666,Panera Bread,Starbucks,38.62633856,-90.19080600000001
Panera Bread227,Starbucks300,0.34109936537993213,Panera Bread,Starbucks,38.62633856,-90.19080600000001
Panera Bread227,Starbucks301,0.12680955874629773,Panera Bread,Starbucks,38.62633856,-90.19080600000001
Panera Bread227,Starbucks302,0.1151894237172769,Panera Bread,Starbucks,38.62633856,-90.19080600000001
Panera Bread227,Starbucks303,0.10189239982078152,Panera Bread,Starbucks,38.62633856,-90.19080600000001
Panera Bread227,Starbucks304,0.11455261675421764,Panera Bread,Starbucks,38.62633856,-90.19080600000001
Panera Bread227,Starbucks305,0.06169612410507605,Panera Bread,Starbucks,38.62633856,-90.19080600000001
Panera Bread227,Starbucks306,0.2631227383707327,Panera Bread,Starbucks,38.62633856,-90.19080600000001
Panera Bread227,Starbucks307,0.2420029857308374,Panera Bread,Starbucks,38.62633856,-90.19080600000001
Panera Bread227,Starbucks308,0.2464026341618432,Panera Bread,Starbucks,38.62633856,-90.19080600000001
Panera Bread227,Starbucks309,0.19270459802582732,Panera Bread,Starbucks,38.62633856,-90.19080600000001
Panera Bread227,Starbucks310,0.08414956575542283,Panera Bread,Starbucks,38.62633856,-90.19080600000001
Panera Bread227,Starbucks311,0.0829012803101498,Panera Bread,Starbucks,38.62633856,-90.19080600000001
Panera Bread227,Starbucks312,0.05089025811359684,Panera Bread,Starbucks,38.62633856,-90.19080600000001
Panera Bread227,Starbucks313,0.030283963562725683,Panera Bread,Starbucks,38.62633856,-90.19080600000001
Panera Bread227,Starbucks314,0.005139254020584558,Panera Bread,Starbucks,38.62633856,-90.19080600000001
Panera Bread227,Starbucks315,0.003714618661621969,Panera Bread,Starbucks,38.62633856,-90.19080600000001
Panera Bread227,Starbucks316,0.001374027611726629,Panera Bread,Starbucks,38.62633856,-90.19080600000001
Panera Bread227,Starbucks317,0.0029353090609263786,Panera Bread,Starbucks,38.62633856,-90.19080600000001
Panera Bread228,Starbucks238,0.4985296173688811,Panera Bread,Starbucks,38.60661157,-90.202624
Panera Bread228,Starbucks239,0.4929457650601559,Panera Bread,Starbucks,38.60661157,-90.202624
Panera Bread228,Starbucks240,0.46384234617605125,Panera Bread,Starbucks,38.60661157,-90.202624
Panera Bread228,Starbucks241,0.5923392050504123,Panera Bread,Starbucks,38.60661157,-90.202624
Panera Bread228,Starbucks242,0.44824750441562855,Panera Bread,Starbucks,38.60661157,-90.202624
Panera Bread228,Starbucks243,0.42267872703576953,Panera Bread,Starbucks,38.60661157,-90.202624
Panera Bread228,Starbucks244,0.3988262144543068,Panera Bread,Starbucks,38.60661157,-90.202624
Panera Bread228,Starbucks245,0.5242740166755709,Panera Bread,Starbucks,38.60661157,-90.202624
Panera Bread228,Starbucks246,0.3941128420290391,Panera Bread,Starbucks,38.60661157,-90.202624
Panera Bread228,Starbucks247,0.3666090135682379,Panera Bread,Starbucks,38.60661157,-90.202624
Panera Bread228,Starbucks248,0.3649816804420966,Panera Bread,Starbucks,38.60661157,-90.202624
Panera Bread228,Starbucks249,0.674514420129224,Panera Bread,Starbucks,38.60661157,-90.202624
Panera Bread228,Starbucks250,0.6082691831672421,Panera Bread,Starbucks,38.60661157,-90.202624
Panera Bread228,Starbucks251,0.35273952518796997,Panera Bread,Starbucks,38.60661157,-90.202624
Panera Bread228,Starbucks252,0.6085898664696445,Panera Bread,Starbucks,38.60661157,-90.202624
Panera Bread228,Starbucks253,0.6984457239073488,Panera Bread,Starbucks,38.60661157,-90.202624
Panera Bread228,Starbucks254,0.34135798647116766,Panera Bread,Starbucks,38.60661157,-90.202624
Panera Bread228,Starbucks255,0.3539325959015375,Panera Bread,Starbucks,38.60661157,-90.202624
Panera Bread228,Starbucks256,0.3237946620830265,Panera Bread,Starbucks,38.60661157,-90.202624
Panera Bread228,Starbucks257,0.5335065143944484,Panera Bread,Starbucks,38.60661157,-90.202624
Panera Bread228,Starbucks258,0.34954352476701167,Panera Bread,Starbucks,38.60661157,-90.202624
Panera Bread228,Starbucks259,0.3181957728416761,Panera Bread,Starbucks,38.60661157,-90.202624
Panera Bread228,Starbucks260,0.2687284822105983,Panera Bread,Starbucks,38.60661157,-90.202624
Panera Bread228,Starbucks261,0.2800047303211881,Panera Bread,Starbucks,38.60661157,-90.202624
Panera Bread228,Starbucks262,0.27900634925565315,Panera Bread,Starbucks,38.60661157,-90.202624
Panera Bread228,Starbucks263,0.3021335030153764,Panera Bread,Starbucks,38.60661157,-90.202624
Panera Bread228,Starbucks264,0.3852009849271441,Panera Bread,Starbucks,38.60661157,-90.202624
Panera Bread228,Starbucks265,0.2738786669795651,Panera Bread,Starbucks,38.60661157,-90.202624
Panera Bread228,Starbucks266,0.2357046155199184,Panera Bread,Starbucks,38.60661157,-90.202624
Panera Bread228,Starbucks267,0.2386597625931274,Panera Bread,Starbucks,38.60661157,-90.202624
Panera Bread228,Starbucks268,0.3079085538091808,Panera Bread,Starbucks,38.60661157,-90.202624
Panera Bread228,Starbucks269,0.3003655780142655,Panera Bread,Starbucks,38.60661157,-90.202624
Panera Bread228,Starbucks270,0.24788161333913247,Panera Bread,Starbucks,38.60661157,-90.202624
Panera Bread228,Starbucks271,0.8191983180847644,Panera Bread,Starbucks,38.60661157,-90.202624
Panera Bread228,Starbucks272,0.23782116681694512,Panera Bread,Starbucks,38.60661157,-90.202624
Panera Bread228,Starbucks273,0.8222103576556258,Panera Bread,Starbucks,38.60661157,-90.202624
Panera Bread228,Starbucks274,0.315890539786697,Panera Bread,Starbucks,38.60661157,-90.202624
Panera Bread228,Starbucks275,0.9050783158482715,Panera Bread,Starbucks,38.60661157,-90.202624
Panera Bread228,Starbucks276,0.3093732657515256,Panera Bread,Starbucks,38.60661157,-90.202624
Panera Bread228,Starbucks277,0.27110546009596653,Panera Bread,Starbucks,38.60661157,-90.202624
Panera Bread228,Starbucks278,0.2143699357868009,Panera Bread,Starbucks,38.60661157,-90.202624
Panera Bread228,Starbucks279,0.1906875393321199,Panera Bread,Starbucks,38.60661157,-90.202624
Panera Bread228,Starbucks280,0.16893710921795643,Panera Bread,Starbucks,38.60661157,-90.202624
Panera Bread228,Starbucks281,0.1639366906485451,Panera Bread,Starbucks,38.60661157,-90.202624
Panera Bread228,Starbucks282,0.1613368013484454,Panera Bread,Starbucks,38.60661157,-90.202624
Panera Bread228,Starbucks283,0.23001447605372327,Panera Bread,Starbucks,38.60661157,-90.202624
Panera Bread228,Starbucks284,0.16446296884897102,Panera Bread,Starbucks,38.60661157,-90.202624
Panera Bread228,Starbucks285,0.24847248088307827,Panera Bread,Starbucks,38.60661157,-90.202624
Panera Bread228,Starbucks286,0.15923977878590376,Panera Bread,Starbucks,38.60661157,-90.202624
Panera Bread228,Starbucks287,0.1671938098329587,Panera Bread,Starbucks,38.60661157,-90.202624
Panera Bread228,Starbucks288,0.24410466518449334,Panera Bread,Starbucks,38.60661157,-90.202624
Panera Bread228,Starbucks289,0.23410992117555143,Panera Bread,Starbucks,38.60661157,-90.202624
Panera Bread228,Starbucks290,0.23268244340006294,Panera Bread,Starbucks,38.60661157,-90.202624
Panera Bread228,Starbucks291,0.1586035602539643,Panera Bread,Starbucks,38.60661157,-90.202624
Panera Bread228,Starbucks292,0.15271747032414637,Panera Bread,Starbucks,38.60661157,-90.202624
Panera Bread228,Starbucks293,0.16466362908208698,Panera Bread,Starbucks,38.60661157,-90.202624
Panera Bread228,Starbucks294,0.1963677233589117,Panera Bread,Starbucks,38.60661157,-90.202624
Panera Bread228,Starbucks295,0.11993990751932304,Panera Bread,Starbucks,38.60661157,-90.202624
Panera Bread228,Starbucks296,0.12302256852489055,Panera Bread,Starbucks,38.60661157,-90.202624
Panera Bread228,Starbucks297,0.13286441727103002,Panera Bread,Starbucks,38.60661157,-90.202624
Panera Bread228,Starbucks298,0.2733263039619368,Panera Bread,Starbucks,38.60661157,-90.202624
Panera Bread228,Starbucks299,0.18401952526391274,Panera Bread,Starbucks,38.60661157,-90.202624
Panera Bread228,Starbucks300,0.3152371618137213,Panera Bread,Starbucks,38.60661157,-90.202624
Panera Bread228,Starbucks301,0.10816847597169771,Panera Bread,Starbucks,38.60661157,-90.202624
Panera Bread228,Starbucks302,0.1064548395055289,Panera Bread,Starbucks,38.60661157,-90.202624
Panera Bread228,Starbucks303,0.08206414218442834,Panera Bread,Starbucks,38.60661157,-90.202624
Panera Bread228,Starbucks304,0.0891313287207582,Panera Bread,Starbucks,38.60661157,-90.202624
Panera Bread228,Starbucks305,0.044425210658026314,Panera Bread,Starbucks,38.60661157,-90.202624
Panera Bread228,Starbucks306,0.2705904861231482,Panera Bread,Starbucks,38.60661157,-90.202624
Panera Bread228,Starbucks307,0.2503387194634888,Panera Bread,Starbucks,38.60661157,-90.202624
Panera Bread228,Starbucks308,0.26008894126116194,Panera Bread,Starbucks,38.60661157,-90.202624
Panera Bread228,Starbucks309,0.2060370272697016,Panera Bread,Starbucks,38.60661157,-90.202624
Panera Bread228,Starbucks310,0.08074170130323786,Panera Bread,Starbucks,38.60661157,-90.202624
Panera Bread228,Starbucks311,0.07680404741715571,Panera Bread,Starbucks,38.60661157,-90.202624
Panera Bread228,Starbucks312,0.047680848125162364,Panera Bread,Starbucks,38.60661157,-90.202624
Panera Bread228,Starbucks313,0.031421410699865884,Panera Bread,Starbucks,38.60661157,-90.202624
Panera Bread228,Starbucks314,0.030481379700077683,Panera Bread,Starbucks,38.60661157,-90.202624
Panera Bread228,Starbucks315,0.023405446143876775,Panera Bread,Starbucks,38.60661157,-90.202624
Panera Bread228,Starbucks316,0.025598954647441816,Panera Bread,Starbucks,38.60661157,-90.202624
Panera Bread228,Starbucks317,0.027896987532378344,Panera Bread,Starbucks,38.60661157,-90.202624
Panera Bread229,Starbucks238,0.42894382620048876,Panera Bread,Starbucks,38.63919458,-90.26117099999999
Panera Bread229,Starbucks239,0.4295009692630297,Panera Bread,Starbucks,38.63919458,-90.26117099999999
Panera Bread229,Starbucks240,0.3919896073208196,Panera Bread,Starbucks,38.63919458,-90.26117099999999
Panera Bread229,Starbucks241,0.518440663570029,Panera Bread,Starbucks,38.63919458,-90.26117099999999
Panera Bread229,Starbucks242,0.37637471175440324,Panera Bread,Starbucks,38.63919458,-90.26117099999999
Panera Bread229,Starbucks243,0.3529514269071233,Panera Bread,Starbucks,38.63919458,-90.26117099999999
Panera Bread229,Starbucks244,0.3348379354637543,Panera Bread,Starbucks,38.63919458,-90.26117099999999
Panera Bread229,Starbucks245,0.4486263213763228,Panera Bread,Starbucks,38.63919458,-90.26117099999999
Panera Bread229,Starbucks246,0.33046544554949886,Panera Bread,Starbucks,38.63919458,-90.26117099999999
Panera Bread229,Starbucks247,0.2991218983105404,Panera Bread,Starbucks,38.63919458,-90.26117099999999
Panera Bread229,Starbucks248,0.29770765536644916,Panera Bread,Starbucks,38.63919458,-90.26117099999999
Panera Bread229,Starbucks249,0.5993224226511594,Panera Bread,Starbucks,38.63919458,-90.26117099999999
Panera Bread229,Starbucks250,0.5321426084503501,Panera Bread,Starbucks,38.63919458,-90.26117099999999
Panera Bread229,Starbucks251,0.2826277877542242,Panera Bread,Starbucks,38.63919458,-90.26117099999999
Panera Bread229,Starbucks252,0.5323568301476659,Panera Bread,Starbucks,38.63919458,-90.26117099999999
Panera Bread229,Starbucks253,0.6233581225581875,Panera Bread,Starbucks,38.63919458,-90.26117099999999
Panera Bread229,Starbucks254,0.2783910174789446,Panera Bread,Starbucks,38.63919458,-90.26117099999999
Panera Bread229,Starbucks255,0.27992377458237827,Panera Bread,Starbucks,38.63919458,-90.26117099999999
Panera Bread229,Starbucks256,0.25564258447739846,Panera Bread,Starbucks,38.63919458,-90.26117099999999
Panera Bread229,Starbucks257,0.45646430832989365,Panera Bread,Starbucks,38.63919458,-90.26117099999999
Panera Bread229,Starbucks258,0.2970572112574681,Panera Bread,Starbucks,38.63919458,-90.26117099999999
Panera Bread229,Starbucks259,0.2605308177718689,Panera Bread,Starbucks,38.63919458,-90.26117099999999
Panera Bread229,Starbucks260,0.20578468186613422,Panera Bread,Starbucks,38.63919458,-90.26117099999999
Panera Bread229,Starbucks261,0.20546528548292803,Panera Bread,Starbucks,38.63919458,-90.26117099999999
Panera Bread229,Starbucks262,0.20450005479410518,Panera Bread,Starbucks,38.63919458,-90.26117099999999
Panera Bread229,Starbucks263,0.22558289742428103,Panera Bread,Starbucks,38.63919458,-90.26117099999999
Panera Bread229,Starbucks264,0.30770293278089755,Panera Bread,Starbucks,38.63919458,-90.26117099999999
Panera Bread229,Starbucks265,0.19698505140022077,Panera Bread,Starbucks,38.63919458,-90.26117099999999
Panera Bread229,Starbucks266,0.1662406760399301,Panera Bread,Starbucks,38.63919458,-90.26117099999999
Panera Bread229,Starbucks267,0.18305173811031508,Panera Bread,Starbucks,38.63919458,-90.26117099999999
Panera Bread229,Starbucks268,0.2673175784427563,Panera Bread,Starbucks,38.63919458,-90.26117099999999
Panera Bread229,Starbucks269,0.2592254076224321,Panera Bread,Starbucks,38.63919458,-90.26117099999999
Panera Bread229,Starbucks270,0.19828415109108108,Panera Bread,Starbucks,38.63919458,-90.26117099999999
Panera Bread229,Starbucks271,0.743459687366288,Panera Bread,Starbucks,38.63919458,-90.26117099999999
Panera Bread229,Starbucks272,0.18605534274231023,Panera Bread,Starbucks,38.63919458,-90.26117099999999
Panera Bread229,Starbucks273,0.746462567510545,Panera Bread,Starbucks,38.63919458,-90.26117099999999
Panera Bread229,Starbucks274,0.23864183858290808,Panera Bread,Starbucks,38.63919458,-90.26117099999999
Panera Bread229,Starbucks275,0.8422343040447685,Panera Bread,Starbucks,38.63919458,-90.26117099999999
Panera Bread229,Starbucks276,0.23214085384576472,Panera Bread,Starbucks,38.63919458,-90.26117099999999
Panera Bread229,Starbucks277,0.19393659118684914,Panera Bread,Starbucks,38.63919458,-90.26117099999999
Panera Bread229,Starbucks278,0.16825542288089287,Panera Bread,Starbucks,38.63919458,-90.26117099999999
Panera Bread229,Starbucks279,0.12792525766523027,Panera Bread,Starbucks,38.63919458,-90.26117099999999
Panera Bread229,Starbucks280,0.10305208783309411,Panera Bread,Starbucks,38.63919458,-90.26117099999999
Panera Bread229,Starbucks281,0.0952323224160052,Panera Bread,Starbucks,38.63919458,-90.26117099999999
Panera Bread229,Starbucks282,0.09220645111627453,Panera Bread,Starbucks,38.63919458,-90.26117099999999
Panera Bread229,Starbucks283,0.20106677113461968,Panera Bread,Starbucks,38.63919458,-90.26117099999999
Panera Bread229,Starbucks284,0.08969259536502422,Panera Bread,Starbucks,38.63919458,-90.26117099999999
Panera Bread229,Starbucks285,0.17290675893399865,Panera Bread,Starbucks,38.63919458,-90.26117099999999
Panera Bread229,Starbucks286,0.10639546221633199,Panera Bread,Starbucks,38.63919458,-90.26117099999999
Panera Bread229,Starbucks287,0.09100834875681191,Panera Bread,Starbucks,38.63919458,-90.26117099999999
Panera Bread229,Starbucks288,0.1686289904007753,Panera Bread,Starbucks,38.63919458,-90.26117099999999
Panera Bread229,Starbucks289,0.1588232594174625,Panera Bread,Starbucks,38.63919458,-90.26117099999999
Panera Bread229,Starbucks290,0.15746556680180626,Panera Bread,Starbucks,38.63919458,-90.26117099999999
Panera Bread229,Starbucks291,0.0852213111722726,Panera Bread,Starbucks,38.63919458,-90.26117099999999
Panera Bread229,Starbucks292,0.0838583599835426,Panera Bread,Starbucks,38.63919458,-90.26117099999999
Panera Bread229,Starbucks293,0.1319968936189268,Panera Bread,Starbucks,38.63919458,-90.26117099999999
Panera Bread229,Starbucks294,0.17827081599749647,Panera Bread,Starbucks,38.63919458,-90.26117099999999
Panera Bread229,Starbucks295,0.07569724786585338,Panera Bread,Starbucks,38.63919458,-90.26117099999999
Panera Bread229,Starbucks296,0.051829087637643226,Panera Bread,Starbucks,38.63919458,-90.26117099999999
Panera Bread229,Starbucks297,0.05569689957009882,Panera Bread,Starbucks,38.63919458,-90.26117099999999
Panera Bread229,Starbucks298,0.2605336958620344,Panera Bread,Starbucks,38.63919458,-90.26117099999999
Panera Bread229,Starbucks299,0.17076406918118428,Panera Bread,Starbucks,38.63919458,-90.26117099999999
Panera Bread229,Starbucks300,0.3032423808804053,Panera Bread,Starbucks,38.63919458,-90.26117099999999
Panera Bread229,Starbucks301,0.06680487864223265,Panera Bread,Starbucks,38.63919458,-90.26117099999999
Panera Bread229,Starbucks302,0.033532366815647856,Panera Bread,Starbucks,38.63919458,-90.26117099999999
Panera Bread229,Starbucks303,0.0553887555784538,Panera Bread,Starbucks,38.63919458,-90.26117099999999
Panera Bread229,Starbucks304,0.0944685589109092,Panera Bread,Starbucks,38.63919458,-90.26117099999999
Panera Bread229,Starbucks305,0.04270382930207468,Panera Bread,Starbucks,38.63919458,-90.26117099999999
Panera Bread229,Starbucks306,0.20006329859428362,Panera Bread,Starbucks,38.63919458,-90.26117099999999
Panera Bread229,Starbucks307,0.18153152182079665,Panera Bread,Starbucks,38.63919458,-90.26117099999999
Panera Bread229,Starbucks308,0.20189108315430798,Panera Bread,Starbucks,38.63919458,-90.26117099999999
Panera Bread229,Starbucks309,0.14948117063763267,Panera Bread,Starbucks,38.63919458,-90.26117099999999
Panera Bread229,Starbucks310,0.006124173141486743,Panera Bread,Starbucks,38.63919458,-90.26117099999999
Panera Bread229,Starbucks311,0.0026645241915951023,Panera Bread,Starbucks,38.63919458,-90.26117099999999
Panera Bread229,Starbucks312,0.031914749907993735,Panera Bread,Starbucks,38.63919458,-90.26117099999999
Panera Bread229,Starbucks313,0.05252055807426298,Panera Bread,Starbucks,38.63919458,-90.26117099999999
Panera Bread229,Starbucks314,0.08079835346814425,Panera Bread,Starbucks,38.63919458,-90.26117099999999
Panera Bread229,Starbucks315,0.0799828370875884,Panera Bread,Starbucks,38.63919458,-90.26117099999999
Panera Bread229,Starbucks316,0.08326048911351647,Panera Bread,Starbucks,38.63919458,-90.26117099999999
Panera Bread229,Starbucks317,0.08568195284994581,Panera Bread,Starbucks,38.63919458,-90.26117099999999
Panera Bread230,Starbucks238,0.42911654253963555,Panera Bread,Starbucks,38.64505559,-90.26099
Panera Bread230,Starbucks239,0.430801090452276,Panera Bread,Starbucks,38.64505559,-90.26099
Panera Bread230,Starbucks240,0.3916623850969227,Panera Bread,Starbucks,38.64505559,-90.26099
Panera Bread230,Starbucks241,0.5174800819253705,Panera Bread,Starbucks,38.64505559,-90.26099
Panera Bread230,Starbucks242,0.37605439273674535,Panera Bread,Starbucks,38.64505559,-90.26099
Panera Bread230,Starbucks243,0.35315832227137994,Panera Bread,Starbucks,38.64505559,-90.26099
Panera Bread230,Starbucks244,0.3361533997653707,Panera Bread,Starbucks,38.64505559,-90.26099
Panera Bread230,Starbucks245,0.4470689389371033,Panera Bread,Starbucks,38.64505559,-90.26099
Panera Bread230,Starbucks246,0.33184330158148057,Panera Bread,Starbucks,38.64505559,-90.26099
Panera Bread230,Starbucks247,0.2998604913147256,Panera Bread,Starbucks,38.64505559,-90.26099
Panera Bread230,Starbucks248,0.29848998223409284,Panera Bread,Starbucks,38.64505559,-90.26099
Panera Bread230,Starbucks249,0.5979027609056813,Panera Bread,Starbucks,38.64505559,-90.26099
Panera Bread230,Starbucks250,0.5303455873322335,Panera Bread,Starbucks,38.64505559,-90.26099
Panera Bread230,Starbucks251,0.28283704774150453,Panera Bread,Starbucks,38.64505559,-90.26099
Panera Bread230,Starbucks252,0.5305077188637652,Panera Bread,Starbucks,38.64505559,-90.26099
Panera Bread230,Starbucks253,0.6219718188667415,Panera Bread,Starbucks,38.64505559,-90.26099
Panera Bread230,Starbucks254,0.279968157092659,Panera Bread,Starbucks,38.64505559,-90.26099
Panera Bread230,Starbucks255,0.2790825559908301,Panera Bread,Starbucks,38.64505559,-90.26099
Panera Bread230,Starbucks256,0.2563251098912469,Panera Bread,Starbucks,38.64505559,-90.26099
Panera Bread230,Starbucks257,0.45413415991997086,Panera Bread,Starbucks,38.64505559,-90.26099
Panera Bread230,Starbucks258,0.30002287397481114,Panera Bread,Starbucks,38.64505559,-90.26099
Panera Bread230,Starbucks259,0.2629307860323963,Panera Bread,Starbucks,38.64505559,-90.26099
Panera Bread230,Starbucks260,0.20756023400766488,Panera Bread,Starbucks,38.64505559,-90.26099
Panera Bread230,Starbucks261,0.20455281766828018,Panera Bread,Starbucks,38.64505559,-90.26099
Panera Bread230,Starbucks262,0.20360176490460655,Panera Bread,Starbucks,38.64505559,-90.26099
Panera Bread230,Starbucks263,0.22371044205150362,Panera Bread,Starbucks,38.64505559,-90.26099
Panera Bread230,Starbucks264,0.3045098055134153,Panera Bread,Starbucks,38.64505559,-90.26099
Panera Bread230,Starbucks265,0.1949081722476403,Panera Bread,Starbucks,38.64505559,-90.26099
Panera Bread230,Starbucks266,0.16690211260006393,Panera Bread,Starbucks,38.64505559,-90.26099
Panera Bread230,Starbucks267,0.18599346917225912,Panera Bread,Starbucks,38.64505559,-90.26099
Panera Bread230,Starbucks268,0.2715408495618551,Panera Bread,Starbucks,38.64505559,-90.26099
Panera Bread230,Starbucks269,0.2634216971887342,Panera Bread,Starbucks,38.64505559,-90.26099
Panera Bread230,Starbucks270,0.20186608239889428,Panera Bread,Starbucks,38.64505559,-90.26099
Panera Bread230,Starbucks271,0.7417990329500048,Panera Bread,Starbucks,38.64505559,-90.26099
Panera Bread230,Starbucks272,0.18945116889802835,Panera Bread,Starbucks,38.64505559,-90.26099
Panera Bread230,Starbucks273,0.7447976736064565,Panera Bread,Starbucks,38.64505559,-90.26099
Panera Bread230,Starbucks274,0.2350371668462641,Panera Bread,Starbucks,38.64505559,-90.26099
Panera Bread230,Starbucks275,0.8434408129483857,Panera Bread,Starbucks,38.64505559,-90.26099
Panera Bread230,Starbucks276,0.22851953411346645,Panera Bread,Starbucks,38.64505559,-90.26099
Panera Bread230,Starbucks277,0.19025326074950288,Panera Bread,Starbucks,38.64505559,-90.26099
Panera Bread230,Starbucks278,0.1723468878021083,Panera Bread,Starbucks,38.64505559,-90.26099
Panera Bread230,Starbucks279,0.1301608715164062,Panera Bread,Starbucks,38.64505559,-90.26099
Panera Bread230,Starbucks280,0.10495187853876808,Panera Bread,Starbucks,38.64505559,-90.26099
Panera Bread230,Starbucks281,0.09659858468952769,Panera Bread,Starbucks,38.64505559,-90.26099
Panera Bread230,Starbucks282,0.09350566969666024,Panera Bread,Starbucks,38.64505559,-90.26099
Panera Bread230,Starbucks283,0.2063605201706357,Panera Bread,Starbucks,38.64505559,-90.26099
Panera Bread230,Starbucks284,0.08918135344053651,Panera Bread,Starbucks,38.64505559,-90.26099
Panera Bread230,Starbucks285,0.16837033006488542,Panera Bread,Starbucks,38.64505559,-90.26099
Panera Bread230,Starbucks286,0.11028898837532,Panera Bread,Starbucks,38.64505559,-90.26099
Panera Bread230,Starbucks287,0.0897396358138202,Panera Bread,Starbucks,38.64505559,-90.26099
Panera Bread230,Starbucks288,0.16405744151274787,Panera Bread,Starbucks,38.64505559,-90.26099
Panera Bread230,Starbucks289,0.15417859459193814,Panera Bread,Starbucks,38.64505559,-90.26099
Panera Bread230,Starbucks290,0.15279664016950337,Panera Bread,Starbucks,38.64505559,-90.26099
Panera Bread230,Starbucks291,0.08532282254326884,Panera Bread,Starbucks,38.64505559,-90.26099
Panera Bread230,Starbucks292,0.08534434678673995,Panera Bread,Starbucks,38.64505559,-90.26099
Panera Bread230,Starbucks293,0.1374274169985402,Panera Bread,Starbucks,38.64505559,-90.26099
Panera Bread230,Starbucks294,0.1842375564616014,Panera Bread,Starbucks,38.64505559,-90.26099
Panera Bread230,Starbucks295,0.08098543394949291,Panera Bread,Starbucks,38.64505559,-90.26099
Panera Bread230,Starbucks296,0.05335835427967127,Panera Bread,Starbucks,38.64505559,-90.26099
Panera Bread230,Starbucks297,0.0538774902842734,Panera Bread,Starbucks,38.64505559,-90.26099
Panera Bread230,Starbucks298,0.26651558107707934,Panera Bread,Starbucks,38.64505559,-90.26099
Panera Bread230,Starbucks299,0.17695950635554308,Panera Bread,Starbucks,38.64505559,-90.26099
Panera Bread230,Starbucks300,0.30919058345681805,Panera Bread,Starbucks,38.64505559,-90.26099
Panera Bread230,Starbucks301,0.07251948510911457,Panera Bread,Starbucks,38.64505559,-90.26099
Panera Bread230,Starbucks302,0.03521207701311079,Panera Bread,Starbucks,38.64505559,-90.26099
Panera Bread230,Starbucks303,0.062051280384509216,Panera Bread,Starbucks,38.64505559,-90.26099
Panera Bread230,Starbucks304,0.10125128851674606,Panera Bread,Starbucks,38.64505559,-90.26099
Panera Bread230,Starbucks305,0.048422874948572635,Panera Bread,Starbucks,38.64505559,-90.26099
Panera Bread230,Starbucks306,0.19446888233438003,Panera Bread,Starbucks,38.64505559,-90.26099
Panera Bread230,Starbucks307,0.1756930643255056,Panera Bread,Starbucks,38.64505559,-90.26099
Panera Bread230,Starbucks308,0.19533079616951063,Panera Bread,Starbucks,38.64505559,-90.26099
Panera Bread230,Starbucks309,0.14280810883370063,Panera Bread,Starbucks,38.64505559,-90.26099
Panera Bread230,Starbucks310,0.0007204125198041194,Panera Bread,Starbucks,38.64505559,-90.26099
Panera Bread230,Starbucks311,0.009413856843275253,Panera Bread,Starbucks,38.64505559,-90.26099
Panera Bread230,Starbucks312,0.03389503462168354,Panera Bread,Starbucks,38.64505559,-90.26099
Panera Bread230,Starbucks313,0.054131389178566955,Panera Bread,Starbucks,38.64505559,-90.26099
Panera Bread230,Starbucks314,0.08169937191608238,Panera Bread,Starbucks,38.64505559,-90.26099
Panera Bread230,Starbucks315,0.08147331892886639,Panera Bread,Starbucks,38.64505559,-90.26099
Panera Bread230,Starbucks316,0.0846412044921535,Panera Bread,Starbucks,38.64505559,-90.26099
Panera Bread230,Starbucks317,0.08694302842509453,Panera Bread,Starbucks,38.64505559,-90.26099
Panera Bread231,Starbucks238,0.3828880279930892,Panera Bread,Starbucks,38.5912536,-90.305201
Panera Bread231,Starbucks239,0.3736148979009406,Panera Bread,Starbucks,38.5912536,-90.305201
Panera Bread231,Starbucks240,0.3512247926870914,Panera Bread,Starbucks,38.5912536,-90.305201
Panera Bread231,Starbucks241,0.4824393236792861,Panera Bread,Starbucks,38.5912536,-90.305201
Panera Bread231,Starbucks242,0.33580360866993975,Panera Bread,Starbucks,38.5912536,-90.305201
Panera Bread231,Starbucks243,0.30770382183167916,Panera Bread,Starbucks,38.5912536,-90.305201
Panera Bread231,Starbucks244,0.27994965035353747,Panera Bread,Starbucks,38.5912536,-90.305201
Panera Bread231,Starbucks245,0.41970876961200504,Panera Bread,Starbucks,38.5912536,-90.305201
Panera Bread231,Starbucks246,0.27512050445820396,Panera Bread,Starbucks,38.5912536,-90.305201
Panera Bread231,Starbucks247,0.25004145067695516,Panera Bread,Starbucks,38.5912536,-90.305201
Panera Bread231,Starbucks248,0.24825867332304802,Panera Bread,Starbucks,38.5912536,-90.305201
Panera Bread231,Starbucks249,0.5673883669881967,Panera Bread,Starbucks,38.5912536,-90.305201
Panera Bread231,Starbucks250,0.504848644029589,Panera Bread,Starbucks,38.5912536,-90.305201
Panera Bread231,Starbucks251,0.23903124131181733,Panera Bread,Starbucks,38.5912536,-90.305201
Panera Bread231,Starbucks252,0.5056335665075721,Panera Bread,Starbucks,38.5912536,-90.305201
Panera Bread231,Starbucks253,0.590901230687184,Panera Bread,Starbucks,38.5912536,-90.305201
Panera Bread231,Starbucks254,0.22235584900403835,Panera Bread,Starbucks,38.5912536,-90.305201
Panera Bread231,Starbucks255,0.24713909315492352,Panera Bread,Starbucks,38.5912536,-90.305201
Panera Bread231,Starbucks256,0.20836349870106574,Panera Bread,Starbucks,38.5912536,-90.305201
Panera Bread231,Starbucks257,0.4360887989783302,Panera Bread,Starbucks,38.5912536,-90.305201
Panera Bread231,Starbucks258,0.2302192529251581,Panera Bread,Starbucks,38.5912536,-90.305201
Panera Bread231,Starbucks259,0.19821602371630606,Panera Bread,Starbucks,38.5912536,-90.305201
Panera Bread231,Starbucks260,0.1503738154238098,Panera Bread,Starbucks,38.5912536,-90.305201
Panera Bread231,Starbucks261,0.17728699831656908,Panera Bread,Starbucks,38.5912536,-90.305201
Panera Bread231,Starbucks262,0.17623688270816687,Panera Bread,Starbucks,38.5912536,-90.305201
Panera Bread231,Starbucks263,0.20681106231184904,Panera Bread,Starbucks,38.5912536,-90.305201
Panera Bread231,Starbucks264,0.3009857920521386,Panera Bread,Starbucks,38.5912536,-90.305201
Panera Bread231,Starbucks265,0.182613855623242,Panera Bread,Starbucks,38.5912536,-90.305201
Panera Bread231,Starbucks266,0.12462982739435846,Panera Bread,Starbucks,38.5912536,-90.305201
Panera Bread231,Starbucks267,0.11867541076698182,Panera Bread,Starbucks,38.5912536,-90.305201
Panera Bread231,Starbucks268,0.19402407429059723,Panera Bread,Starbucks,38.5912536,-90.305201
Panera Bread231,Starbucks269,0.18606893568630808,Panera Bread,Starbucks,38.5912536,-90.305201
Panera Bread231,Starbucks270,0.1288878945598851,Panera Bread,Starbucks,38.5912536,-90.305201
Panera Bread231,Starbucks271,0.7132084376698574,Panera Bread,Starbucks,38.5912536,-90.305201
Panera Bread231,Starbucks272,0.11818242513341165,Panera Bread,Starbucks,38.5912536,-90.305201
Panera Bread231,Starbucks273,0.7162419369396712,Panera Bread,Starbucks,38.5912536,-90.305201
Panera Bread231,Starbucks274,0.24003185541746824,Panera Bread,Starbucks,38.5912536,-90.305201
Panera Bread231,Starbucks275,0.7853103498376974,Panera Bread,Starbucks,38.5912536,-90.305201
Panera Bread231,Starbucks276,0.2340993277738616,Panera Bread,Starbucks,38.5912536,-90.305201
Panera Bread231,Starbucks277,0.1992231095336213,Panera Bread,Starbucks,38.5912536,-90.305201
Panera Bread231,Starbucks278,0.09639593035277504,Panera Bread,Starbucks,38.5912536,-90.305201
Panera Bread231,Starbucks279,0.07476161914008578,Panera Bread,Starbucks,38.5912536,-90.305201
Panera Bread231,Starbucks280,0.05947603299205862,Panera Bread,Starbucks,38.5912536,-90.305201
Panera Bread231,Starbucks281,0.06070700442936877,Panera Bread,Starbucks,38.5912536,-90.305201
Panera Bread231,Starbucks282,0.059749875122738536,Panera Bread,Starbucks,38.5912536,-90.305201
Panera Bread231,Starbucks283,0.12580209423787603,Panera Bread,Starbucks,38.5912536,-90.305201
Panera Bread231,Starbucks284,0.07811251977411969,Panera Bread,Starbucks,38.5912536,-90.305201
Panera Bread231,Starbucks285,0.1910035826288696,Panera Bread,Starbucks,38.5912536,-90.305201
Panera Bread231,Starbucks286,0.03951870971024563,Panera Bread,Starbucks,38.5912536,-90.305201
Panera Bread231,Starbucks287,0.08681837711564455,Panera Bread,Starbucks,38.5912536,-90.305201
Panera Bread231,Starbucks288,0.18757160327370706,Panera Bread,Starbucks,38.5912536,-90.305201
Panera Bread231,Starbucks289,0.17965967465784785,Panera Bread,Starbucks,38.5912536,-90.305201
Panera Bread231,Starbucks290,0.17875762915314755,Panera Bread,Starbucks,38.5912536,-90.305201
Panera Bread231,Starbucks291,0.06922116987262526,Panera Bread,Starbucks,38.5912536,-90.305201
Panera Bread231,Starbucks292,0.05348625270416111,Panera Bread,Starbucks,38.5912536,-90.305201
Panera Bread231,Starbucks293,0.05694735421929012,Panera Bread,Starbucks,38.5912536,-90.305201
Panera Bread231,Starbucks294,0.10571462880211424,Panera Bread,Starbucks,38.5912536,-90.305201
Panera Bread231,Starbucks295,0.0006870516601059648,Panera Bread,Starbucks,38.5912536,-90.305201
Panera Bread231,Starbucks296,0.048585202197575804,Panera Bread,Starbucks,38.5912536,-90.305201
Panera Bread231,Starbucks297,0.07517631175516801,Panera Bread,Starbucks,38.5912536,-90.305201
Panera Bread231,Starbucks298,0.18764404437112667,Panera Bread,Starbucks,38.5912536,-90.305201
Panera Bread231,Starbucks299,0.10072272638427411,Panera Bread,Starbucks,38.5912536,-90.305201
Panera Bread231,Starbucks300,0.23002544565568514,Panera Bread,Starbucks,38.5912536,-90.305201
Panera Bread231,Starbucks301,0.011828624290434206,Panera Bread,Starbucks,38.5912536,-90.305201
Panera Bread231,Starbucks302,0.0543206054593591,Panera Bread,Starbucks,38.5912536,-90.305201
Panera Bread231,Starbucks303,0.03825187755534328,Panera Bread,Starbucks,38.5912536,-90.305201
Panera Bread231,Starbucks304,0.06337176451375248,Panera Bread,Starbucks,38.5912536,-90.305201
Panera Bread231,Starbucks305,0.07685410885332528,Panera Bread,Starbucks,38.5912536,-90.305201
Panera Bread231,Starbucks306,0.23163079725392421,Panera Bread,Starbucks,38.5912536,-90.305201
Panera Bread231,Starbucks307,0.21814985434945888,Panera Bread,Starbucks,38.5912536,-90.305201
Panera Bread231,Starbucks308,0.25246621094434607,Panera Bread,Starbucks,38.5912536,-90.305201
Panera Bread231,Starbucks309,0.20543417549659973,Panera Bread,Starbucks,38.5912536,-90.305201
Panera Bread231,Starbucks310,0.07986813297497734,Panera Bread,Starbucks,38.5912536,-90.305201
Panera Bread231,Starbucks311,0.07300659766028762,Panera Bread,Starbucks,38.5912536,-90.305201
Panera Bread231,Starbucks312,0.09519102072384085,Panera Bread,Starbucks,38.5912536,-90.305201
Panera Bread231,Starbucks313,0.11162082146679582,Panera Bread,Starbucks,38.5912536,-90.305201
Panera Bread231,Starbucks314,0.13882641488553865,Panera Bread,Starbucks,38.5912536,-90.305201
Panera Bread231,Starbucks315,0.1348158185897239,Panera Bread,Starbucks,38.5912536,-90.305201
Panera Bread231,Starbucks316,0.13828614699810238,Panera Bread,Starbucks,38.5912536,-90.305201
Panera Bread231,Starbucks317,0.14109682700326703,Panera Bread,Starbucks,38.5912536,-90.305201
Panera Bread232,Starbucks238,0.43918809776428447,Panera Bread,Starbucks,38.55644261,-90.26255
Panera Bread232,Starbucks239,0.4238543811954598,Panera Bread,Starbucks,38.55644261,-90.26255
Panera Bread232,Starbucks240,0.4100702607585145,Panera Bread,Starbucks,38.55644261,-90.26255
Panera Bread232,Starbucks241,0.5422520866021442,Panera Bread,Starbucks,38.55644261,-90.26255
Panera Bread232,Starbucks242,0.39484150883616675,Panera Bread,Starbucks,38.55644261,-90.26255
Panera Bread232,Starbucks243,0.36509049888106243,Panera Bread,Starbucks,38.55644261,-90.26255
Panera Bread232,Starbucks244,0.33222427738946836,Panera Bread,Starbucks,38.55644261,-90.26255
Panera Bread232,Starbucks245,0.4816182554595256,Panera Bread,Starbucks,38.55644261,-90.26255
Panera Bread232,Starbucks246,0.32715238491283627,Panera Bread,Starbucks,38.55644261,-90.26255
Panera Bread232,Starbucks247,0.3063630105489073,Panera Bread,Starbucks,38.55644261,-90.26255
Panera Bread232,Starbucks248,0.3044189944363074,Panera Bread,Starbucks,38.55644261,-90.26255
Panera Bread232,Starbucks249,0.6281600431122265,Panera Bread,Starbucks,38.55644261,-90.26255
Panera Bread232,Starbucks250,0.5668628065841129,Panera Bread,Starbucks,38.55644261,-90.26255
Panera Bread232,Starbucks251,0.2979854947366002,Panera Bread,Starbucks,38.55644261,-90.26255
Panera Bread232,Starbucks252,0.5677585555976176,Panera Bread,Starbucks,38.55644261,-90.26255
Panera Bread232,Starbucks253,0.6514724158815788,Panera Bread,Starbucks,38.55644261,-90.26255
Panera Bread232,Starbucks254,0.2750097433991683,Panera Bread,Starbucks,38.55644261,-90.26255
Panera Bread232,Starbucks255,0.30913817407120375,Panera Bread,Starbucks,38.55644261,-90.26255
Panera Bread232,Starbucks256,0.2663316659282114,Panera Bread,Starbucks,38.55644261,-90.26255
Panera Bread232,Starbucks257,0.49928567242320626,Panera Bread,Starbucks,38.55644261,-90.26255
Panera Bread232,Starbucks258,0.2716639455022088,Panera Bread,Starbucks,38.55644261,-90.26255
Panera Bread232,Starbucks259,0.24623252182881203,Panera Bread,Starbucks,38.55644261,-90.26255
Panera Bread232,Starbucks260,0.20579195661433605,Panera Bread,Starbucks,38.55644261,-90.26255
Panera Bread232,Starbucks261,0.24055490092380075,Panera Bread,Starbucks,38.55644261,-90.26255
Panera Bread232,Starbucks262,0.23950404416857368,Panera Bread,Starbucks,38.55644261,-90.26255
Panera Bread232,Starbucks263,0.2704920733909563,Panera Bread,Starbucks,38.55644261,-90.26255
Panera Bread232,Starbucks264,0.36444857863929964,Panera Bread,Starbucks,38.55644261,-90.26255
Panera Bread232,Starbucks265,0.2462016436873912,Panera Bread,Starbucks,38.55644261,-90.26255
Panera Bread232,Starbucks266,0.18653447429246794,Panera Bread,Starbucks,38.55644261,-90.26255
Panera Bread232,Starbucks267,0.1686916691141253,Panera Bread,Starbucks,38.55644261,-90.26255
Panera Bread232,Starbucks268,0.2230090701752912,Panera Bread,Starbucks,38.55644261,-90.26255
Panera Bread232,Starbucks269,0.21592220414837676,Panera Bread,Starbucks,38.55644261,-90.26255
Panera Bread232,Starbucks270,0.1713730304368057,Panera Bread,Starbucks,38.55644261,-90.26255
Panera Bread232,Starbucks271,0.7741568554445428,Panera Bread,Starbucks,38.55644261,-90.26255
Panera Bread232,Starbucks272,0.16395322837070736,Panera Bread,Starbucks,38.55644261,-90.26255
Panera Bread232,Starbucks273,0.7771939076423573,Panera Bread,Starbucks,38.55644261,-90.26255
Panera Bread232,Starbucks274,0.30234236184364666,Panera Bread,Starbucks,38.55644261,-90.26255
Panera Bread232,Starbucks275,0.8323045172895226,Panera Bread,Starbucks,38.55644261,-90.26255
Panera Bread232,Starbucks276,0.2962774466506239,Panera Bread,Starbucks,38.55644261,-90.26255
Panera Bread232,Starbucks277,0.26045986638946134,Panera Bread,Starbucks,38.55644261,-90.26255
Panera Bread232,Starbucks278,0.13722336332021107,Panera Bread,Starbucks,38.55644261,-90.26255
Panera Bread232,Starbucks279,0.13554109260036776,Panera Bread,Starbucks,38.55644261,-90.26255
Panera Bread232,Starbucks280,0.12301355096931135,Panera Bread,Starbucks,38.55644261,-90.26255
Panera Bread232,Starbucks281,0.12427304810249258,Panera Bread,Starbucks,38.55644261,-90.26255
Panera Bread232,Starbucks282,0.12313677115337408,Panera Bread,Starbucks,38.55644261,-90.26255
Panera Bread232,Starbucks283,0.14196313460732035,Panera Bread,Starbucks,38.55644261,-90.26255
Panera Bread232,Starbucks284,0.13926888775919685,Panera Bread,Starbucks,38.55644261,-90.26255
Panera Bread232,Starbucks285,0.2488154706764184,Panera Bread,Starbucks,38.55644261,-90.26255
Panera Bread232,Starbucks286,0.09732785204886718,Panera Bread,Starbucks,38.55644261,-90.26255
Panera Bread232,Starbucks287,0.14689527619820475,Panera Bread,Starbucks,38.55644261,-90.26255
Panera Bread232,Starbucks288,0.24505553882651313,Panera Bread,Starbucks,38.55644261,-90.26255
Panera Bread232,Starbucks289,0.23636887817605254,Panera Bread,Starbucks,38.55644261,-90.26255
Panera Bread232,Starbucks290,0.23529414353979944,Panera Bread,Starbucks,38.55644261,-90.26255
Panera Bread232,Starbucks291,0.13064509841285105,Panera Bread,Starbucks,38.55644261,-90.26255
Panera Bread232,Starbucks292,0.11630215622695433,Panera Bread,Starbucks,38.55644261,-90.26255
Panera Bread232,Starbucks293,0.08253502795632281,Panera Bread,Starbucks,38.55644261,-90.26255
Panera Bread232,Starbucks294,0.10633467483880552,Panera Bread,Starbucks,38.55644261,-90.26255
Panera Bread232,Starbucks295,0.06315058458024307,Panera Bread,Starbucks,38.55644261,-90.26255
Panera Bread232,Starbucks296,0.10184880318708096,Panera Bread,Starbucks,38.55644261,-90.26255
Panera Bread232,Starbucks297,0.12600403487414136,Panera Bread,Starbucks,38.55644261,-90.26255
Panera Bread232,Starbucks298,0.18313836461870575,Panera Bread,Starbucks,38.55644261,-90.26255
Panera Bread232,Starbucks299,0.09363603337924548,Panera Bread,Starbucks,38.55644261,-90.26255
Panera Bread232,Starbucks300,0.2253067449441081,Panera Bread,Starbucks,38.55644261,-90.26255
Panera Bread232,Starbucks301,0.05609336428049695,Panera Bread,Starbucks,38.55644261,-90.26255
Panera Bread232,Starbucks302,0.09696881958979754,Panera Bread,Starbucks,38.55644261,-90.26255
Panera Bread232,Starbucks303,0.043282575522579296,Panera Bread,Starbucks,38.55644261,-90.26255
Panera Bread232,Starbucks304,0.001413620932189992,Panera Bread,Starbucks,38.55644261,-90.26255
Panera Bread232,Starbucks305,0.06496208304618978,Panera Bread,Starbucks,38.55644261,-90.26255
Panera Bread232,Starbucks306,0.28512538044245006,Panera Bread,Starbucks,38.55644261,-90.26255
Panera Bread232,Starbucks307,0.26917188271722964,Panera Bread,Starbucks,38.55644261,-90.26255
Panera Bread232,Starbucks308,0.29579081475639496,Panera Bread,Starbucks,38.55644261,-90.26255
Panera Bread232,Starbucks309,0.24446037433666903,Panera Bread,Starbucks,38.55644261,-90.26255
Panera Bread232,Starbucks310,0.10187357438610822,Panera Bread,Starbucks,38.55644261,-90.26255
Panera Bread232,Starbucks311,0.09314485888147539,Panera Bread,Starbucks,38.55644261,-90.26255
Panera Bread232,Starbucks312,0.09440414981294089,Panera Bread,Starbucks,38.55644261,-90.26255
Panera Bread232,Starbucks313,0.10005583065549647,Panera Bread,Starbucks,38.55644261,-90.26255
Panera Bread232,Starbucks314,0.11857961878570696,Panera Bread,Starbucks,38.55644261,-90.26255
Panera Bread232,Starbucks315,0.11227162322313687,Panera Bread,Starbucks,38.55644261,-90.26255
Panera Bread232,Starbucks316,0.11513092050859547,Panera Bread,Starbucks,38.55644261,-90.26255
Panera Bread232,Starbucks317,0.11771377257059547,Panera Bread,Starbucks,38.55644261,-90.26255
Panera Bread233,Starbucks238,0.45375115557819146,Panera Bread,Starbucks,38.60203662,-90.24195999999999
Panera Bread233,Starbucks239,0.4472189305515738,Panera Bread,Starbucks,38.60203662,-90.24195999999999
Panera Bread233,Starbucks240,0.4198910397594917,Panera Bread,Starbucks,38.60203662,-90.24195999999999
Panera Bread233,Starbucks241,0.5493193189215012,Panera Bread,Starbucks,38.60203662,-90.24195999999999
Panera Bread233,Starbucks242,0.4043280659055103,Panera Bread,Starbucks,38.60203662,-90.24195999999999
Panera Bread233,Starbucks243,0.3780301945312931,Panera Bread,Starbucks,38.60203662,-90.24195999999999
Panera Bread233,Starbucks244,0.3531839630799093,Panera Bread,Starbucks,38.60203662,-90.24195999999999
Panera Bread233,Starbucks245,0.4828149159027112,Panera Bread,Starbucks,38.60203662,-90.24195999999999
Panera Bread233,Starbucks246,0.34844504683500166,Panera Bread,Starbucks,38.60203662,-90.24195999999999
Panera Bread233,Starbucks247,0.3214982568225307,Panera Bread,Starbucks,38.60203662,-90.24195999999999
Panera Bread233,Starbucks248,0.319831205038675,Panera Bread,Starbucks,38.60203662,-90.24195999999999
Panera Bread233,Starbucks249,0.6324307872746942,Panera Bread,Starbucks,38.60203662,-90.24195999999999
Panera Bread233,Starbucks250,0.5672940577372758,Panera Bread,Starbucks,38.60203662,-90.24195999999999
Panera Bread233,Starbucks251,0.30834063414332713,Panera Bread,Starbucks,38.60203662,-90.24195999999999
Panera Bread233,Starbucks252,0.5677629961254412,Panera Bread,Starbucks,38.60203662,-90.24195999999999
Panera Bread233,Starbucks253,0.6562478528441645,Panera Bread,Starbucks,38.60203662,-90.24195999999999
Panera Bread233,Starbucks254,0.2956770474916381,Panera Bread,Starbucks,38.60203662,-90.24195999999999
Panera Bread233,Starbucks255,0.3114064054550417,Panera Bread,Starbucks,38.60203662,-90.24195999999999
Panera Bread233,Starbucks256,0.2789156743661616,Panera Bread,Starbucks,38.60203662,-90.24195999999999
Panera Bread233,Starbucks257,0.4943123189123308,Panera Bread,Starbucks,38.60203662,-90.24195999999999
Panera Bread233,Starbucks258,0.30409873129753184,Panera Bread,Starbucks,38.60203662,-90.24195999999999
Panera Bread233,Starbucks259,0.2723965686322812,Panera Bread,Starbucks,38.60203662,-90.24195999999999
Panera Bread233,Starbucks260,0.22314097563712154,Panera Bread,Starbucks,38.60203662,-90.24195999999999
Panera Bread233,Starbucks261,0.23820109601683107,Panera Bread,Starbucks,38.60203662,-90.24195999999999
Panera Bread233,Starbucks262,0.23718154789422272,Panera Bread,Starbucks,38.60203662,-90.24195999999999
Panera Bread233,Starbucks263,0.2625349942549468,Panera Bread,Starbucks,38.60203662,-90.24195999999999
Panera Bread233,Starbucks264,0.34958401394614835,Panera Bread,Starbucks,38.60203662,-90.24195999999999
Panera Bread233,Starbucks265,0.23512980546735066,Panera Bread,Starbucks,38.60203662,-90.24195999999999
Panera Bread233,Starbucks266,0.1915590059561041,Panera Bread,Starbucks,38.60203662,-90.24195999999999
Panera Bread233,Starbucks267,0.1928662065013116,Panera Bread,Starbucks,38.60203662,-90.24195999999999
Panera Bread233,Starbucks268,0.2642537123623625,Panera Bread,Starbucks,38.60203662,-90.24195999999999
Panera Bread233,Starbucks269,0.25656149045036614,Panera Bread,Starbucks,38.60203662,-90.24195999999999
Panera Bread233,Starbucks270,0.20251092558310385,Panera Bread,Starbucks,38.60203662,-90.24195999999999
Panera Bread233,Starbucks271,0.7775821792267131,Panera Bread,Starbucks,38.60203662,-90.24195999999999
Panera Bread233,Starbucks272,0.1922213944323745,Panera Bread,Starbucks,38.60203662,-90.24195999999999
Panera Bread233,Starbucks273,0.7806030121021921,Panera Bread,Starbucks,38.60203662,-90.24195999999999
Panera Bread233,Starbucks274,0.282252172665074,Panera Bread,Starbucks,38.60203662,-90.24195999999999
Panera Bread233,Starbucks275,0.8592790816602598,Panera Bread,Starbucks,38.60203662,-90.24195999999999
Panera Bread233,Starbucks276,0.27583446839949943,Panera Bread,Starbucks,38.60203662,-90.24195999999999
Panera Bread233,Starbucks277,0.23802086777269005,Panera Bread,Starbucks,38.60203662,-90.24195999999999
Panera Bread233,Starbucks278,0.16925573951967468,Panera Bread,Starbucks,38.60203662,-90.24195999999999
Panera Bread233,Starbucks279,0.14536764970964175,Panera Bread,Starbucks,38.60203662,-90.24195999999999
Panera Bread233,Starbucks280,0.12443388320583722,Panera Bread,Starbucks,38.60203662,-90.24195999999999
Panera Bread233,Starbucks281,0.12035387086668098,Panera Bread,Starbucks,38.60203662,-90.24195999999999
Panera Bread233,Starbucks282,0.117962137479052,Panera Bread,Starbucks,38.60203662,-90.24195999999999
Panera Bread233,Starbucks283,0.18870912650136545,Panera Bread,Starbucks,38.60203662,-90.24195999999999
Panera Bread233,Starbucks284,0.12425541987172745,Panera Bread,Starbucks,38.60203662,-90.24195999999999
Panera Bread233,Starbucks285,0.21942492660839688,Panera Bread,Starbucks,38.60203662,-90.24195999999999
Panera Bread233,Starbucks286,0.11342687698738287,Panera Bread,Starbucks,38.60203662,-90.24195999999999
Panera Bread233,Starbucks287,0.12852067262214642,Panera Bread,Starbucks,38.60203662,-90.24195999999999
Panera Bread233,Starbucks288,0.2152419760176803,Panera Bread,Starbucks,38.60203662,-90.24195999999999
Panera Bread233,Starbucks289,0.20563079971790324,Panera Bread,Starbucks,38.60203662,-90.24195999999999
Panera Bread233,Starbucks290,0.2043294905432016,Panera Bread,Starbucks,38.60203662,-90.24195999999999
Panera Bread233,Starbucks291,0.1174509647926561,Panera Bread,Starbucks,38.60203662,-90.24195999999999
Panera Bread233,Starbucks292,0.10944072223290283,Panera Bread,Starbucks,38.60203662,-90.24195999999999
Panera Bread233,Starbucks293,0.12137972863628116,Panera Bread,Starbucks,38.60203662,-90.24195999999999
Panera Bread233,Starbucks294,0.15807632671761235,Panera Bread,Starbucks,38.60203662,-90.24195999999999
Panera Bread233,Starbucks295,0.07418204431667028,Panera Bread,Starbucks,38.60203662,-90.24195999999999
Panera Bread233,Starbucks296,0.08197532266330754,Panera Bread,Starbucks,38.60203662,-90.24195999999999
Panera Bread233,Starbucks297,0.09723042316332049,Panera Bread,Starbucks,38.60203662,-90.24195999999999
Panera Bread233,Starbucks298,0.23813549579057502,Panera Bread,Starbucks,38.60203662,-90.24195999999999
Panera Bread233,Starbucks299,0.1472975882929198,Panera Bread,Starbucks,38.60203662,-90.24195999999999
Panera Bread233,Starbucks300,0.28073502956360785,Panera Bread,Starbucks,38.60203662,-90.24195999999999
Panera Bread233,Starbucks301,0.06240844294475906,Panera Bread,Starbucks,38.60203662,-90.24195999999999
Panera Bread233,Starbucks302,0.06777784216417762,Panera Bread,Starbucks,38.60203662,-90.24195999999999
Panera Bread233,Starbucks303,0.03660718678098369,Panera Bread,Starbucks,38.60203662,-90.24195999999999
Panera Bread233,Starbucks304,0.05646483701899383,Panera Bread,Starbucks,38.60203662,-90.24195999999999
Panera Bread233,Starbucks305,0.007319966291545009,Panera Bread,Starbucks,38.60203662,-90.24195999999999
Panera Bread233,Starbucks306,0.24832163292415468,Panera Bread,Starbucks,38.60203662,-90.24195999999999
Panera Bread233,Starbucks307,0.2299205282338362,Panera Bread,Starbucks,38.60203662,-90.24195999999999
Panera Bread233,Starbucks308,0.2490222229585631,Panera Bread,Starbucks,38.60203662,-90.24195999999999
Panera Bread233,Starbucks309,0.19588096127476518,Panera Bread,Starbucks,38.60203662,-90.24195999999999
Panera Bread233,Starbucks310,0.05394276063359975,Panera Bread,Starbucks,38.60203662,-90.24195999999999
Panera Bread233,Starbucks311,0.0463857276599576,Panera Bread,Starbucks,38.60203662,-90.24195999999999
Panera Bread233,Starbucks312,0.03689598888346716,Panera Bread,Starbucks,38.60203662,-90.24195999999999
Panera Bread233,Starbucks313,0.043388787462569973,Panera Bread,Starbucks,38.60203662,-90.24195999999999
Panera Bread233,Starbucks314,0.06675757988039037,Panera Bread,Starbucks,38.60203662,-90.24195999999999
Panera Bread233,Starbucks315,0.06181899309154617,Panera Bread,Starbucks,38.60203662,-90.24195999999999
Panera Bread233,Starbucks316,0.06518931916781022,Panera Bread,Starbucks,38.60203662,-90.24195999999999
Panera Bread233,Starbucks317,0.0679974067080524,Panera Bread,Starbucks,38.60203662,-90.24195999999999
Panera Bread234,Starbucks238,0.17328648603873958,Panera Bread,Starbucks,38.7936437,-90.622987
Panera Bread234,Starbucks239,0.24473360002136363,Panera Bread,Starbucks,38.7936437,-90.622987
Panera Bread234,Starbucks240,0.1470359405158518,Panera Bread,Starbucks,38.7936437,-90.622987
Panera Bread234,Starbucks241,0.12572189894510305,Panera Bread,Starbucks,38.7936437,-90.622987
Panera Bread234,Starbucks242,0.15232376992274402,Panera Bread,Starbucks,38.7936437,-90.622987
Panera Bread234,Starbucks243,0.18706127042924936,Panera Bread,Starbucks,38.7936437,-90.622987
Panera Bread234,Starbucks244,0.2463094664638997,Panera Bread,Starbucks,38.7936437,-90.622987
Panera Bread234,Starbucks245,0.060677885019523335,Panera Bread,Starbucks,38.7936437,-90.622987
Panera Bread234,Starbucks246,0.2502463584178727,Panera Bread,Starbucks,38.7936437,-90.622987
Panera Bread234,Starbucks247,0.2321850715788005,Panera Bread,Starbucks,38.7936437,-90.622987
Panera Bread234,Starbucks248,0.2345413619464601,Panera Bread,Starbucks,38.7936437,-90.622987
Panera Bread234,Starbucks249,0.16565475501420884,Panera Bread,Starbucks,38.7936437,-90.622987
Panera Bread234,Starbucks250,0.09096671080735565,Panera Bread,Starbucks,38.7936437,-90.622987
Panera Bread234,Starbucks251,0.22184045321641613,Panera Bread,Starbucks,38.7936437,-90.622987
Panera Bread234,Starbucks252,0.08913803983658485,Panera Bread,Starbucks,38.7936437,-90.622987
Panera Bread234,Starbucks253,0.1889121427407251,Panera Bread,Starbucks,38.7936437,-90.622987
Panera Bread234,Starbucks254,0.273560629126839,Panera Bread,Starbucks,38.7936437,-90.622987
Panera Bread234,Starbucks255,0.19434491661500716,Panera Bread,Starbucks,38.7936437,-90.622987
Panera Bread234,Starbucks256,0.2529769242261222,Panera Bread,Starbucks,38.7936437,-90.622987
Panera Bread234,Starbucks257,0.006972664849093983,Panera Bread,Starbucks,38.7936437,-90.622987
Panera Bread234,Starbucks258,0.3314818823658641,Panera Bread,Starbucks,38.7936437,-90.622987
Panera Bread234,Starbucks259,0.311516017763276,Panera Bread,Starbucks,38.7936437,-90.622987
Panera Bread234,Starbucks260,0.3117634317136161,Panera Bread,Starbucks,38.7936437,-90.622987
Panera Bread234,Starbucks261,0.2586246361463405,Panera Bread,Starbucks,38.7936437,-90.622987
Panera Bread234,Starbucks262,0.259675453980989,Panera Bread,Starbucks,38.7936437,-90.622987
Panera Bread234,Starbucks263,0.23090489472791131,Panera Bread,Starbucks,38.7936437,-90.622987
Panera Bread234,Starbucks264,0.15489734938562302,Panera Bread,Starbucks,38.7936437,-90.622987
Panera Bread234,Starbucks265,0.25848172716598145,Panera Bread,Starbucks,38.7936437,-90.622987
Panera Bread234,Starbucks266,0.3138643103777457,Panera Bread,Starbucks,38.7936437,-90.622987
Panera Bread234,Starbucks267,0.3536815972609842,Panera Bread,Starbucks,38.7936437,-90.622987
Panera Bread234,Starbucks268,0.3928128444655333,Panera Bread,Starbucks,38.7936437,-90.622987
Panera Bread234,Starbucks269,0.3907756409029312,Panera Bread,Starbucks,38.7936437,-90.622987
Panera Bread234,Starbucks270,0.3691887878047835,Panera Bread,Starbucks,38.7936437,-90.622987
Panera Bread234,Starbucks271,0.2967846383131529,Panera Bread,Starbucks,38.7936437,-90.622987
Panera Bread234,Starbucks272,0.3660492573137359,Panera Bread,Starbucks,38.7936437,-90.622987
Panera Bread234,Starbucks273,0.29965088325750966,Panera Bread,Starbucks,38.7936437,-90.622987
Panera Bread234,Starbucks274,0.22622112754421178,Panera Bread,Starbucks,38.7936437,-90.622987
Panera Bread234,Starbucks275,0.5117601488432159,Panera Bread,Starbucks,38.7936437,-90.622987
Panera Bread234,Starbucks276,0.23248906174084555,Panera Bread,Starbucks,38.7936437,-90.622987
Panera Bread234,Starbucks277,0.2689223148058721,Panera Bread,Starbucks,38.7936437,-90.622987
Panera Bread234,Starbucks278,0.39141889714987416,Panera Bread,Starbucks,38.7936437,-90.622987
Panera Bread234,Starbucks279,0.3649786916784301,Panera Bread,Starbucks,38.7936437,-90.622987
Panera Bread234,Starbucks280,0.37640300378745206,Panera Bread,Starbucks,38.7936437,-90.622987
Panera Bread234,Starbucks281,0.3766660943206888,Panera Bread,Starbucks,38.7936437,-90.622987
Panera Bread234,Starbucks282,0.3784023316194871,Panera Bread,Starbucks,38.7936437,-90.622987
Panera Bread234,Starbucks283,0.43717191183294024,Panera Bread,Starbucks,38.7936437,-90.622987
Panera Bread234,Starbucks284,0.36914080248015335,Panera Bread,Starbucks,38.7936437,-90.622987
Panera Bread234,Starbucks285,0.30091651791064666,Panera Bread,Starbucks,38.7936437,-90.622987
Panera Bread234,Starbucks286,0.4034237144822276,Panera Bread,Starbucks,38.7936437,-90.622987
Panera Bread234,Starbucks287,0.3653436019897105,Panera Bread,Starbucks,38.7936437,-90.622987
Panera Bread234,Starbucks288,0.3051644033223601,Panera Bread,Starbucks,38.7936437,-90.622987
Panera Bread234,Starbucks289,0.3147106822296777,Panera Bread,Starbucks,38.7936437,-90.622987
Panera Bread234,Starbucks290,0.3162765145760883,Panera Bread,Starbucks,38.7936437,-90.622987
Panera Bread234,Starbucks291,0.3761186332493243,Panera Bread,Starbucks,38.7936437,-90.622987
Panera Bread234,Starbucks292,0.3863339481348215,Panera Bread,Starbucks,38.7936437,-90.622987
Panera Bread234,Starbucks293,0.436731269792032,Panera Bread,Starbucks,38.7936437,-90.622987
Panera Bread234,Starbucks294,0.46637338729612804,Panera Bread,Starbucks,38.7936437,-90.622987
Panera Bread234,Starbucks295,0.43635740635536335,Panera Bread,Starbucks,38.7936437,-90.622987
Panera Bread234,Starbucks296,0.41142565085070165,Panera Bread,Starbucks,38.7936437,-90.622987
Panera Bread234,Starbucks297,0.3994736675393881,Panera Bread,Starbucks,38.7936437,-90.622987
Panera Bread234,Starbucks298,0.49548733343972795,Panera Bread,Starbucks,38.7936437,-90.622987
Panera Bread234,Starbucks299,0.47721847891827124,Panera Bread,Starbucks,38.7936437,-90.622987
Panera Bread234,Starbucks300,0.5119600952733555,Panera Bread,Starbucks,38.7936437,-90.622987
Panera Bread234,Starbucks301,0.445111144024201,Panera Bread,Starbucks,38.7936437,-90.622987
Panera Bread234,Starbucks302,0.42644511159677995,Panera Bread,Starbucks,38.7936437,-90.622987
Panera Bread234,Starbucks303,0.4677800375668367,Panera Bread,Starbucks,38.7936437,-90.622987
Panera Bread234,Starbucks304,0.4989866850311484,Panera Bread,Starbucks,38.7936437,-90.622987
Panera Bread234,Starbucks305,0.49119934054846603,Panera Bread,Starbucks,38.7936437,-90.622987
Panera Bread234,Starbucks306,0.31231718979442674,Panera Bread,Starbucks,38.7936437,-90.622987
Panera Bread234,Starbucks307,0.3330523611074667,Panera Bread,Starbucks,38.7936437,-90.622987
Panera Bread234,Starbucks308,0.3744880712734667,Panera Bread,Starbucks,38.7936437,-90.622987
Panera Bread234,Starbucks309,0.3979963994317929,Panera Bread,Starbucks,38.7936437,-90.622987
Panera Bread234,Starbucks310,0.45266649082066585,Panera Bread,Starbucks,38.7936437,-90.622987
Panera Bread234,Starbucks311,0.4556046216741731,Panera Bread,Starbucks,38.7936437,-90.622987
Panera Bread234,Starbucks312,0.48656508945349036,Panera Bread,Starbucks,38.7936437,-90.622987
Panera Bread234,Starbucks313,0.5067405704626124,Panera Bread,Starbucks,38.7936437,-90.622987
Panera Bread234,Starbucks314,0.5332169201884613,Panera Bread,Starbucks,38.7936437,-90.622987
Panera Bread234,Starbucks315,0.5338423675568872,Panera Bread,Starbucks,38.7936437,-90.622987
Panera Bread234,Starbucks316,0.53686502882804,Panera Bread,Starbucks,38.7936437,-90.622987
Panera Bread234,Starbucks317,0.5389858816329337,Panera Bread,Starbucks,38.7936437,-90.622987
